<application>
  <component name="UISettings">
    <option name="ACTIVATE_MRU_EDITOR_ON_CLOSE" value="true" />
    <option name="HIDE_KNOWN_EXTENSION_IN_TABS" value="true" />
    <option name="HIDE_TOOL_STRIPES" value="true" />
    <option name="MARK_MODIFIED_TABS_WITH_ASTERISK" value="true" />
    <option name="REMEMBER_SIZE_FOR_EACH_TOOL_WINDOW_NEW_UI" value="true" />
    <option name="SHOW_FILE_ICONS_IN_TABS" value="false" />
    <option name="SHOW_MAIN_MENU" value="false" />
    <option name="SHOW_NAVIGATION_BAR" value="false" />
    <option name="SHOW_NEW_MAIN_TOOLBAR" value="false" />
    <option name="UI_DENSITY" value="COMPACT" />
    <option name="USE_SMALL_LABELS_ON_TABS" value="true" />
  </component>
</application>